PaperTitle;Year;Author;Citation;Publication;URL;Related;Open source;;;
Real-world data medical knowledge graph: construction and applications;2020;L Li;;Elsevier;https://www.sciencedirect.com/science/article/pii/S0933365719309546;TRUE;FALSE;;;
Safe medicine recommendation via medical knowledge graph embedding;2017;M Wang;;ui.adsabs.harvard.edu;https://ui.adsabs.harvard.edu/abs/2017arXiv171005980W/abstract;FALSE;FALSE;;;
Smr: Medical knowledge graph embedding for safe medicine recommendation;2021;F Gong;;Elsevier;https://www.sciencedirect.com/science/article/pii/S2214579620300423;FALSE;FALSE;;;
Automatic generation of a qualified medical knowledge graph and its usage for retrieving patient cohorts from electronic medical records;2013;T Goodwin;;ieeexplore.ieee.org;https://ieeexplore.ieee.org/abstract/document/6693543/;TRUE;FALSE;;;
Patient similarity via joint embeddings of medical knowledge graph and medical entity descriptions;2020;Z Lin;;ieeexplore.ieee.org;https://ieeexplore.ieee.org/abstract/document/9178312/;FALSE;FALSE;;;
[HTML][HTML] Medical Knowledge Graph to Enhance Fraud; Waste; and Abuse Detection on Claim Data: Model Development and Performance Evaluation;2020;H Sun;;medinform.jmir.org;https://medinform.jmir.org/2020/7/e17653/;FALSE;FALSE;
Research review of knowledge graph and its application in medical domain;2018;M Hou;;crad.ict.ac.cn;https://crad.ict.ac.cn/EN/abstract/abstract3824.shtml;FALSE;FALSE;;;
[HTML][HTML] A method to learn embedding of a probabilistic medical knowledge graph: Algorithm development;2020;L Li;;medinform.jmir.org;https://medinform.jmir.org/2020/5/e17645?utm_source=TrendMD&utm_medium=cpc&utm_campaign=JMIR_TrendMD_0;FALSE;FALSE;;;
[HTML][HTML] Path-based knowledge reasoning with textual semantic information for medical knowledge graph completion;2021;Y Lan;;�;https://bmcmedinformdecismak.biomedcentral.com/articles/10.1186/s12911-021-01622-7;FALSE;FALSE;;;
Automatic approach for constructing a knowledge graph of knee osteoarthritis in Chinese;2020;X Li;;Springer;https://link.springer.com/article/10.1007/s13755-020-0102-4;TRUE;FALSE;;;
Attention-aware path-based relation extraction for medical knowledge graph;2017;D Wen;;Springer;https://link.springer.com/chapter/10.1007/978-3-319-73830-7_32;FALSE;FALSE;;;
A survey on application of knowledge graph;2020;X Zou;;iopscience.iop.org;https://iopscience.iop.org/article/10.1088/1742-6596/1487/1/012016/meta;FALSE;FALSE;;;
Diagnosis method of thyroid disease combining knowledge graph and deep learning;2020;X Chai;;ieeexplore.ieee.org;https://ieeexplore.ieee.org/abstract/document/9167227/;FALSE;FALSE;;;
A framework for automated knowledge graph construction towards traditional Chinese medicine;2017;H Weng;;Springer;https://link.springer.com/chapter/10.1007/978-3-319-69182-4_18;TRUE;FALSE;;;
Integration of Domain Knowledge using Medical Knowledge Graph Deep Learning for Cancer Phenotyping;2021;M Alawad;;arxiv.org;https://arxiv.org/abs/2101.01337;FALSE;FALSE;;;
[HTML][HTML] Text snippets to corroborate medical relations: An unsupervised approach using a knowledge graph and embeddings;2020;MR Kamdar;;ncbi.nlm.nih.gov;https://www.ncbi.nlm.nih.gov/pmc/articles/pmc7233036/;FALSE;FALSE;;;
[HTML][HTML] When truth discovery meets medical knowledge graph: Estimating trustworthiness degree for medical knowledge condition;2018;Y Deng;;deepai.org;https://deepai.org/publication/when-truth-discovery-meets-medical-knowledge-graph-estimating-trustworthiness-degree-for-medical-knowledge-condition;FALSE;FALSE;;;
[HTML][HTML] Research on Medical Knowledge Graph for Stroke;2021;B Cheng;;hindawi.com;https://www.hindawi.com/journals/jhe/2021/5531327/;FALSE;FALSE;;;
KGDDS: a system for drug-drug similarity measure in therapeutic substitution based on knowledge graph curation;2019;Y Shen;;Springer;https://link.springer.com/article/10.1007/s10916-019-1182-z;FALSE;FALSE;;;
[PDF][PDF] A Knowledge Graph Based Health Assistant;2019;L Bo;;aiforsocialgood.github.io;https://aiforsocialgood.github.io/neurips2019/accepted/track1/pdfs/53_aisg_neurips2019.pdf;FALSE;FALSE;;;
[HTML][HTML] Medical Knowledge Graph in Chinese Using Deep Semantic Mobile Computation Based on IoT and WoT;2021;W Liu;;hindawi.com;https://www.hindawi.com/journals/wcmc/2021/5590754/;TRUE;FALSE;;;
Construction of Chinese Pediatric Medical Knowledge Graph;9;Y Song;;books.google.com;https://books.google.com/books?hl=en&lr=&id=eHfRDwAAQBAJ&oi=fnd&pg=PA213&dq=%22Medical+knowledge+graph%22+&ots=w2xMxKWGjO&sig=V_J607qDJQ79UHYZIOj4vmAz8ks;TRUE;FALSE;;;
[HTML][HTML] Learning a health knowledge graph from electronic medical records;2017;M Rotmensch;;nature.com;https://www.nature.com/articles/s41598-017-05778-z;TRUE;FALSE;;;
Construction of traditional Chinese medicine knowledge graph using data mining and expert knowledge;2018;B Cheng;;ieeexplore.ieee.org;https://ieeexplore.ieee.org/abstract/document/8525665/;TRUE;FALSE;;;
CLMed: a cross-lingual knowledge graph framework for cardiovascular diseases;2019;M Sheng;;Springer;https://link.springer.com/chapter/10.1007/978-3-030-30952-7_51;TRUE;FALSE;;;
[HTML][HTML] Head and Tail Entity Fusion Model in Medical Knowledge Graph Construction: Case Study for Pituitary Adenoma;2021;A Fang;;medinform.jmir.org;https://medinform.jmir.org/2021/7/e28218/;FALSE;FALSE;;;
Auto-Encoding Knowledge Graph for Unsupervised Medical Report Generation;2021;F Liu;;proceedings.neurips.cc;https://proceedings.neurips.cc/paper/2021/hash/876e1c59023b1a0e95808168e1a8ff89-Abstract.html;FALSE;FALSE;;;
A data-intensive CDSS platform based on knowledge graph;2018;M Sheng;;Springer;https://link.springer.com/chapter/10.1007/978-3-030-01078-2_13;FALSE;FALSE;;;
A survey of recommendation algorithms based on knowledge graph embedding;2019;C Liu;;ieeexplore.ieee.org;https://ieeexplore.ieee.org/abstract/document/8938875/;FALSE;FALSE;;;
An Improved Approach to the Construction of Chinese Medical Knowledge Graph Based on CTD-BLSTM Model;2021;Y Wu;;ieeexplore.ieee.org;https://ieeexplore.ieee.org/abstract/document/9430549/;TRUE;FALSE;;;
DiaKG: an Annotated Diabetes Dataset for Medical Knowledge Graph Construction;2021;D Chang;;arxiv.org;https://arxiv.org/abs/2105.15033;FALSE;FALSE;;;
Knowledge-Graph-Based Drug Repositioning against COVID-19 by graph convolutional network with attention mechanism;2021;M Che;;mdpi.com;https://www.mdpi.com/952036;FALSE;FALSE;;;
[HTML][HTML] Construction of a digestive system tumor knowledge graph based on chinese electronic medical records: development and usability study;2020;X Xiu;;medinform.jmir.org;https://medinform.jmir.org/2020/10/e18287?utm_source=TrendMD&utm_medium=cpc&utm_campaign=JMIR_TrendMD_1;TRUE;FALSE;;;
PrTransH: embedding probabilistic medical knowledge from real world EMR data;2019;L Li;;ui.adsabs.harvard.edu;https://ui.adsabs.harvard.edu/abs/2019arXiv190900672L/abstract;FALSE;FALSE;;;
Drug Repurposing for Parkinson's Disease by Integrating Knowledge Graph Completion Model and Knowledge Fusion of Medical Literature;2021;X Zhang;;mdpi.com;https://www.mdpi.com/953838;FALSE;FALSE;;;
Domain knowledge graph-based research progress of knowledge representation;2021;J Lin;;Springer;https://link.springer.com/article/10.1007/s00521-020-05057-5;FALSE;FALSE;;;
Real-time sepsis severity prediction on knowledge graph deep learning networks for the intensive care unit;2020;Q Li;;Elsevier;https://www.sciencedirect.com/science/article/pii/S1047320320301425;FALSE;FALSE;;;
[PDF][PDF] Learning Patient Similarity via Heterogeneous Medical Knowledge Graph Embedding.;2021;Z Lin;;iaeng.org;http://www.iaeng.org/IJCS/issues_v48/issue_4/IJCS_48_4_03.pdf;FALSE;FALSE;;;
SMR: Medical knowledge graph embedding for safe medicine recommendation;2017;F Gong;;arxiv.org;https://arxiv.org/abs/1710.05980;FALSE;FALSE;;;
Demographic Aware Probabilistic Medical Knowledge Graph Embeddings of Electronic Medical Records;2021;A Guluzade;;Springer;https://link.springer.com/chapter/10.1007/978-3-030-77211-6_48;FALSE;FALSE;;;
Open Drug Knowledge Graph;2021;M Mann;;openreview.net;https://openreview.net/forum?id=3izmXsxSKQn;TRUE;FALSE;;;
MKGB: A Medical Knowledge Graph Construction Framework Based on Data Lake and Active Learning;2021;P Ren;;Springer;https://link.springer.com/chapter/10.1007/978-3-030-90885-0_22;TRUE;FALSE;;;
[HTML][HTML] A knowledge graph based question answering method for medical domain;2021;X Huang;;peerj.com;https://peerj.com/articles/cs-667/;FALSE;FALSE;;;
A Comparison Study of Direct Inference and Knowledge Compensating Generalized Inference as Multidisciplinary for Medical Knowledge Graph;2021;J Xi;;ieeexplore.ieee.org;https://ieeexplore.ieee.org/abstract/document/9624351/;FALSE;FALSE;;;
Knowledge graph-based clinical decision support system reasoning: a survey;2019;X Xiang;;ieeexplore.ieee.org;https://ieeexplore.ieee.org/abstract/document/8923457/;FALSE;FALSE;;;
[HTML][HTML] Hkgb: An inclusive; extensible; intelligent; semi-auto-constructed knowledge graph framework for healthcare with clinicians' expertise incorporated;2020;Y Zhang;;Elsevier;https://www.sciencedirect.com/science/article/pii/S0306457320308190;FALSE;FALSE
DiaKG: An Annotated Diabetes Dataset for Medical Knowledge Graph Construction;2021;B Xu;;books.google.com;https://books.google.com/books?hl=en&lr=&id=X8pKEAAAQBAJ&oi=fnd&pg=PA308&dq=%22Medical+knowledge+graph%22+&ots=v_liqvo55X&sig=HTvUAZyEAEdryL9eoSjuFFgwW2s;FALSE;FALSE;;;
MeKG: building a medical knowledge graph by data mining from MEDLINE;2019;T Pham;;Springer;https://link.springer.com/chapter/10.1007/978-3-030-37078-7_16;TRUE;FALSE;;;
[HTML][HTML] Constructing public health evidence knowledge graph for decision-making support from COVID-19 literature of modelling study;2021;Y Yang;;Elsevier;https://www.sciencedirect.com/science/article/pii/S266644962100030X;TRUE;FALSE;;;
[HTML][HTML] A survey on knowledge graph-based recommender systems;2020;C Qin;;engine.scichina.com;https://engine.scichina.com/doi/10.1360/SSI-2019-0274?slug=fulltext;FALSE;FALSE;;;
Research on Disease Diagnosis Method Combining Knowledge Graph and Deep Learning;2020;L DONG;;engine.scichina.com;https://engine.scichina.com/doi/10.3778/j.issn.1673-9418.1908018;FALSE;FALSE;;;
Research on intelligent medicine based on knowledge graph;2017;YU Siwei;;wprim.whocc.org.cn;http://wprim.whocc.org.cn/admin/article/articleDetail?WPRIMID=606505&articleId=606505;FALSE;FALSE;;;
Medwriter: Knowledge-aware medical text generation;28;Y Pan;;aclweb.org;https://www.aclweb.org/anthology/2020.coling-main.214/;FALSE;FALSE;;;
A knowledge graph enhanced topic modeling approach for herb recommendation;2019;X Wang;;Springer;https://link.springer.com/chapter/10.1007/978-3-030-18576-3_42;FALSE;FALSE;;;
A review: Knowledge reasoning over knowledge graph;2020;X Chen;;Elsevier;https://www.sciencedirect.com/science/article/pii/S0957417419306669;FALSE;FALSE;;;
DKDR: An Approach of Knowledge Graph and Deep Reinforcement Learning for Disease Diagnosis;2019;Y Jia;;ieeexplore.ieee.org;https://ieeexplore.ieee.org/abstract/document/9047423/;TRUE;FALSE;;;
[PDF][PDF] Diagnosis Ranking with Knowledge Graph Convolutional Networks.;1;B Liu;;ielab.io;http://ielab.io/publications/pdfs/bing2021ecir-diagnosisranking.pdf;FALSE;FALSE;;;
A knowledge graph of medical institutions in Korea;2021;H Kim;;Elsevier;https://www.sciencedirect.com/science/article/pii/B9780128224687000018;TRUE;FALSE;;;
A Chinese Machine Reading Comprehension Dataset Automatic Generated Based on Knowledge Graph;2021;H Zhao;;Springer;https://link.springer.com/chapter/10.1007/978-3-030-84186-7_18;FALSE;FALSE;;;
Research of Medical Aided Diagnosis System Based on Temporal Knowledge Graph;2020;F Song;;Springer;https://link.springer.com/chapter/10.1007/978-3-030-65390-3_19;FALSE;FALSE;;;
[PDF][PDF] Research on Entity Recognition and Knowledge Graph Construction Based on Tcm Medical Records;2021;Y YANG;;clausiuspress.com;https://www.clausiuspress.com/assets/default/article/2021/10/14/article_1634208590.pdf;FALSE;FALSE;;;
A Review of Medical Decision Supports Based on Knowledge Graph;2020;Z Chaoyu;;manu44.magtech.com.cn;http://manu44.magtech.com.cn/Jwk_infotech_wk3/EN/10.11925/infotech.2096-3467.2020.0953;FALSE;FALSE;;;
[PDF][PDF] A User Interaction Demonstration For Exploring Medical Knowledge Graph.;2019;J Xiao;;ceur-ws.org;http://ceur-ws.org/Vol-2456/paper73.pdf;FALSE;FALSE;;;
Modeling path information for knowledge graph completion;2021;Y Shen;;Springer;https://link.springer.com/article/10.1007/s00521-021-06460-2;FALSE;FALSE;;;
Research on Intelligent Question Answering System Based on Medical Knowledge Graph;2019;Q Shuai;;ieeexplore.ieee.org;https://ieeexplore.ieee.org/abstract/document/8997728/;FALSE;FALSE;;;
Effective medical archives processing using knowledge graphs;42;X Wang;;dl.acm.org;https://dl.acm.org/doi/abs/10.1145/3331184.3331350;FALSE;FALSE;;;
[PDF][PDF] Babylon Health's Medical Knowledge Graph: Why; What; and How.;4;C Schulz;;ceur-ws.org;http://ceur-ws.org/Vol-2849/paper-18.pdf;FALSE;FALSE;
Medical Entity Recognition Based on BiLSTM with Knowledge Graph and Attention Mechanism;2021;Q Wang;;ieeexplore.ieee.org;https://ieeexplore.ieee.org/abstract/document/9527569/;FALSE;FALSE;;;
The Intelligent Diagnostic System for Common Diseases using the Optimized Medical Knowledge Graph;2020;J Wang;;ieeexplore.ieee.org;https://ieeexplore.ieee.org/abstract/document/9148406/;FALSE;FALSE;;;
Annotation Scheme and Specification for Named Entities and Relations on Chinese Medical Knowledge Graph;2019;D Yue;;Springer;https://link.springer.com/chapter/10.1007/978-3-030-38189-9_58;FALSE;FALSE;;;
A Novel Disease Diagnosis Method Using Combining Knowledge Graph and Deep Learning;2021;X Cai;;ingentaconnect.com;https://www.ingentaconnect.com/contentone/asp/jmihi/2021/00000011/00000007/art00008;FALSE;FALSE;;;
A Chinese Knowledge Graph for Cardiovascular Disease;2020;X Li;;Springer;https://link.springer.com/chapter/10.1007/978-981-15-8411-4_239;TRUE;FALSE;;;
Automatic recommendation of medical departments to outpatients based on text analyses and medical knowledge graph;xx;Q Zhou;;content.iospress.com;https://content.iospress.com/articles/journal-of-intelligent-and-fuzzy-systems/ifs210599;FALSE;FALSE;;;
[HTML][HTML] Research on Construction of Knowledge Graph of Intestinal Cells;2020;F He;;atlantis-press.com;https://www.atlantis-press.com/journals/jaims/125944781/view;FALSE;FALSE;;;
DeepKG: An End-to-End Deep Learning-Based Workflow for Biomedical Knowledge Graph Extraction; Optimization and Applications.;2021;Z Li;;europepmc.org;https://europepmc.org/article/pmc/pmc8689937;FALSE;FALSE;;
Preliminary Study on the Knowledge Graph Construction of Chinese Ancient History and Culture;2020;S Liu;;mdpi.com;https://www.mdpi.com/677820;FALSE;FALSE;;;
Training like Playing: A Reinforcement Learning And Knowledge Graph-based framework for building Automatic Consultation System in Medical Field;2106;Y Huang;;arxiv.org;https://arxiv.org/abs/2106.07502;FALSE;FALSE;;;
Construction of Neurosurgery Knowledge Graph Based on Bi-LSTM-CRF Model;4;Y Shi;;dl.acm.org;https://dl.acm.org/doi/abs/10.1145/3424978.3425095;TRUE;FALSE;;;
Design and Construction of Knowledge Graph of Electronic Medical Record Based on BiLSTM-CRF;2021;J Zhao;;dl.acm.org;https://dl.acm.org/doi/abs/10.1145/3490322.3490334;TRUE;FALSE;;;
Drug Repositioning via Text Augmented Knowledge Graph Embeddings;2021;M Zhong;;openreview.net;https://openreview.net/forum?id=qI-IS8DPq_N;FALSE;FALSE;;;
Construction and Application of a Tree Knowledge Graph;2021;X Meng;;ieeexplore.ieee.org;https://ieeexplore.ieee.org/abstract/document/9516607/;TRUE;FALSE;;;
Deterrent: Knowledge guided graph attention network for detecting healthcare misinformation;26;L Cui;;dl.acm.org;https://dl.acm.org/doi/abs/10.1145/3394486.3403092;FALSE;FALSE;;;
Construction of MeSH-like obstetric knowledge graph;2018;K Zhang;;ieeexplore.ieee.org;https://ieeexplore.ieee.org/abstract/document/8644569/;TRUE;FALSE;;;
Graph Neural Network-Based Diagnosis Prediction;2020;Y Li;;liebertpub.com;https://www.liebertpub.com/doi/abs/10.1089/big.2020.0070;FALSE;FALSE;;;
Constructing knowledge graphs of depression;2017;Z Huang;;Springer;https://link.springer.com/chapter/10.1007/978-3-319-69182-4_16;TRUE;FALSE;;;
Migration knowledge graph framework and its application;2021;T Pu;;iopscience.iop.org;https://iopscience.iop.org/article/10.1088/1742-6596/1955/1/012071/meta;FALSE;FALSE;;;
Overview Of Medical Knowledge Mapping Research;2020;P Shengguang;;ieeexplore.ieee.org;https://ieeexplore.ieee.org/abstract/document/9424795/;FALSE;FALSE;;;
A Knowledge Graph Based Medical Intelligent Question Answering System;2021;K Zhang;;ieeexplore.ieee.org;https://ieeexplore.ieee.org/abstract/document/9574515/;FALSE;FALSE;;;
A knowledge graph for eldercare: constructing a domain entity graph with guidelines;2018;Y Duan;;Springer;https://link.springer.com/chapter/10.1007/978-3-319-92037-5_3;TRUE;FALSE;;;
Research on Application of Chinese Natural Language Processing in Constructing Knowledge Graph of Chronic Diseases;2021;S Qin;;ieeexplore.ieee.org;https://ieeexplore.ieee.org/abstract/document/9445976/;FALSE;FALSE;;;
Research on intelligent medicine based on knowledge graph;2017;S YU;;pesquisa.bvsalud.org;https://pesquisa.bvsalud.org/portal/resource/pt/wpr-606505;FALSE;FALSE;;;
Multi-modal Multi-relational Feature Aggregation Network for Medical Knowledge Representation Learning;28;Y Zhang;;dl.acm.org;https://dl.acm.org/doi/abs/10.1145/3394171.3413736;FALSE;FALSE;;;
[PDF][PDF] Medical Knowledge Graph Construction by Aligning Large Biomedical Datasets;xx;G Stoilos;;disi.unitn.it;http://disi.unitn.it/~pavel/om2018/papers/om2018_poster2.pdf;TRUE;FALSE;;;
[HTML][HTML] Explainable prediction of medical codes with knowledge graphs;2020;F Teng;;frontiersin.org;https://www.frontiersin.org/articles/10.3389/fbioe.2020.00867/full;FALSE;FALSE;;;
An error recognition method for power equipment defect records based on knowledge graph technology;2019;H Wang;;Springer;https://link.springer.com/article/10.1631/FITEE.1800260;FALSE;FALSE;;;
Integrating graph contextualized knowledge into pre-trained language models;2019;B He;;arxiv.org;https://arxiv.org/abs/1912.00147;FALSE;FALSE;;;
Edge: Enriching Knowledge Graph Embeddings with External Text;2021;S Rezayi;;arxiv.org;https://arxiv.org/abs/2104.04909;FALSE;FALSE;;;
Knowledge graph fusion for smart systems: A survey;2020;HL Nguyen;;Elsevier;https://www.sciencedirect.com/science/article/pii/S1566253519307729;FALSE;FALSE;;;
Research on Tibetan Medicine Entity Recognition and Knowledge Graph Construction;2020;N Zhaxi;;Springer;https://link.springer.com/chapter/10.1007/978-981-15-8462-6_196;FALSE;FALSE;;;
Multi-modal knowledge-aware hierarchical attention network for explainable medical question answering;27;Y Zhang;;dl.acm.org;https://dl.acm.org/doi/abs/10.1145/3343031.3351033;FALSE;FALSE;;;
Drug Repurposing for Parkinson's Disease by Integrating Knowledge Graph Completion Model and Knowledge Fusion of Medical Literature. Future Internet 2021; 13��;2021;X Zhang;;search.proquest.com;https://search.proquest.com/openview/bca1b4896b4b1f7f315fce1e377c8af4/1?pq-origsite=gscholar&cbl=2032396;FALSE;FALSE;;
Multi-relational knowledge graph completion method with local information fusion;2021;J Huang;;Springer;https://link.springer.com/article/10.1007/s10489-021-02876-4;FALSE;FALSE;;;
Medical Entity Extraction and Knowledge Graph Construction;2019;WEI DENG;;ieeexplore.ieee.org;https://ieeexplore.ieee.org/abstract/document/9067598/;TRUE;FALSE;;;
Knowledge Question-Answering System Based on Knowledge Graph of Traditional Chinese Medicine;2020;R Gao;;ieeexplore.ieee.org;https://ieeexplore.ieee.org/abstract/document/9339040/;FALSE;FALSE;;;
End-to-end knowledge-routed relational dialogue system for automatic diagnosis;2019;L Xu;;ojs.aaai.org;https://ojs.aaai.org/index.php/AAAI/article/view/4722;FALSE;FALSE;;;
Incorporating description embeddings into medical knowledge graphs representation learning;2018;X Sun;;Springer;https://link.springer.com/chapter/10.1007/978-3-030-15127-0_19;FALSE;FALSE;;;
[PDF][PDF] Disease Diagnosis of Dairy Cow by Deep Learning Based on Knowledge Graph and Transfer Learning;2021;M Gao;;biomed.bas.bg;http://www.biomed.bas.bg/bioautomation/2021/vol_25.1/files/25.1_07.pdf;FALSE;FALSE;;;
KGBReF: A Knowledge Graph based Biomedical Relation Extraction Framework;2;Y Sun;;dl.acm.org;https://dl.acm.org/doi/abs/10.1145/3500931.3500952;FALSE;FALSE;;;
Construction of knowledge graph of drug-action mechanism;2021;J Zhao;;ieeexplore.ieee.org;https://ieeexplore.ieee.org/abstract/document/9527642/;TRUE;FALSE;;;
[HTML][HTML] Multitask Healthcare Management Recommendation System Leveraging Knowledge Graph;2021;W Liu;;hindawi.com;https://www.hindawi.com/journals/jhe/2021/1233483/;FALSE;FALSE;;;
Construction of Knowledge Graph of HIV-associated Neurocognitive Disorders Syndrome based on Deep Learning;2020;D Sun;;ieeexplore.ieee.org;https://ieeexplore.ieee.org/abstract/document/9361169/;TRUE;FALSE;;;
An Intelligent Question-Answering System for Myopia Prevention and Control based on Knowledge Graph;2;Y Sun;;dl.acm.org;https://dl.acm.org/doi/abs/10.1145/3500931.3500947;FALSE;FALSE;;;
MedPath: Augmenting Health Risk Prediction via Medical Knowledge Paths;2021;M Ye;;dl.acm.org;https://dl.acm.org/doi/abs/10.1145/3442381.3449860;FALSE;FALSE;;;
[HTML][HTML] MKA: A Scalable Medical Knowledge-Assisted Mechanism for Generative Models on Medical Conversation Tasks;2021;K Liang;;hindawi.com;https://www.hindawi.com/journals/cmmm/2021/5294627/;FALSE;FALSE;;;
Research on Disease Diagnosis Method Combining Knowledge Graph and Deep Learning;2020;D Lili;;fcst.ceaj.org;http://fcst.ceaj.org/EN/10.3778/j.issn.1673-9418.1908018;FALSE;FALSE;;;
[PDF][PDF] Towards medical machine reading comprehension with structural knowledge and plain text;2020;D Li;;aclweb.org;https://www.aclweb.org/anthology/2020.emnlp-main.111.pdf;FALSE;FALSE;;;
MedTruth: a semi-supervised approach to discovering knowledge condition information from multi-source medical data;28;Y Deng;;dl.acm.org;https://dl.acm.org/doi/abs/10.1145/3357384.3357934;FALSE;FALSE;;;
Ontology Database Construction for Medical Knowledge Base;2019;N Zhang;;ieeexplore.ieee.org;https://ieeexplore.ieee.org/abstract/document/8940264/;FALSE;FALSE;;;
Domain knowledge guided deep learning with electronic health records;2019;C Yin;;ieeexplore.ieee.org;https://ieeexplore.ieee.org/abstract/document/8970777/;FALSE;FALSE;;;
Knowledge-Graph-Based Drug Repositioning against COVID-19 by Graph Convolutional Network with Attention Mechanism. Future Internet 2021;13;13;2021;M Che;;search.proquest.com;https://search.proquest.com/openview/55041aa3aa8022e1788b5d5046a8fe47/1?pq-origsite=gscholar&cbl=2032396;FALSE;FALSE;
Construction of Therapy-Disease Knowledge Graph (TDKG) Based on Entity Relationship Extraction;2021;H Wang;;ieeexplore.ieee.org;https://ieeexplore.ieee.org/abstract/document/9513150/;TRUE;FALSE;;;
Knowledge Graph Enhanced Transformer for Generative Question Answering Tasks;2021;C Liang;;Springer;https://link.springer.com/chapter/10.1007/978-3-030-86362-3_22;FALSE;FALSE;;;
Construction of knowledge graph of maritime dangerous goods based on IMDG code;2020;Q Zhang;;ieeexplore.ieee.org;https://ieeexplore.ieee.org/document/9175083/;TRUE;FALSE;;;
[HTML][HTML] Adverse Drug Reaction Discovery Using a Tumor-Biomarker Knowledge Graph;2021;M Wang;;frontiersin.org;https://www.frontiersin.org/articles/10.3389/fgene.2020.625659/full;FALSE;FALSE;;;
Long distance entity relation extraction with article structure embedding and applied to mining medical knowledge;2019;Y Lin;;ieeexplore.ieee.org;https://ieeexplore.ieee.org/abstract/document/8904821/;FALSE;FALSE;;;
Design of Knowledge Graph in Manufacturing Services Discovery;2021;Y Li;;asmedigitalcollection.asme.org;https://asmedigitalcollection.asme.org/MSEC/proceedings-abstract/MSEC2021/1115494;FALSE;FALSE;;;
[HTML][HTML] Marrying medical domain knowledge with deep learning on electronic health records: a deep visual analytics approach;2020;R Li;;jmir.org;https://www.jmir.org/2020/9/e20645/;FALSE;FALSE;;;
Clinical knowledge graph embeddings with hierarchical structure for thyroid treatment recommendation;2019;D Chen;;ieeexplore.ieee.org;https://ieeexplore.ieee.org/abstract/document/8890434/;FALSE;FALSE;;;
Graphical induction of qualified medical knowledge;2013;T Goodwin;;Scientific;https://www.worldscientific.com/doi/abs/10.1142/S1793351X13400126;FALSE;FALSE;;;
A TCM Question and Answer System Based on Medical Records Knowledge Graph;2020;Y Xie;;ieeexplore.ieee.org;https://ieeexplore.ieee.org/abstract/document/9276000/;FALSE;FALSE;;;
Order-free medicine combination prediction with graph convolutional reinforcement learning;28;S Wang;;dl.acm.org;https://dl.acm.org/doi/abs/10.1145/3357384.3357965;FALSE;FALSE;;;
[CITATION][C] Construction techniques and research development of medical knowledge graph;2018;KQ Yuan;;2018;xx;FALSE;FALSE;;;
[PDF][PDF] Graph-Evolving Meta-Learning for Low-Resource Medical Dialogue Generation;2020;S Lin;;aaai.org;https://www.aaai.org/AAAI21Papers/AAAI-1236.LinS.pdf;FALSE;FALSE;;;
Research and Application of Agriculture Knowledge Graph;2021;H Zhang;;dl.acm.org;https://dl.acm.org/doi/abs/10.1145/3501409.3501531;FALSE;FALSE;;;
An efficient tool for semantic biomedical document analysis;2021;M Li;;Springer;https://link.springer.com/chapter/10.1007/978-981-33-6757-9_63;FALSE;FALSE;;;
A survey based on knowledge graph in fault diagnosis; analysis and prediction: key technologies and challenges;2020;L Su;;ieeexplore.ieee.org;https://ieeexplore.ieee.org/abstract/document/9361060/;FALSE;FALSE;;
[CITATION][C] Preliminary study on the construction of Chinese medical knowledge graph;2019;O Byambasuren;;2019;xx;FALSE;FALSE;;;
Question answering system based on tourism knowledge graph;2021;Y Sui;;iopscience.iop.org;https://iopscience.iop.org/article/10.1088/1742-6596/1883/1/012064/meta;FALSE;FALSE;;;
SLAKE: A Semantically-Labeled Knowledge-Enhanced Dataset for Medical Visual Question Answering;2021;B Liu;;ieeexplore.ieee.org;https://ieeexplore.ieee.org/abstract/document/9434010/;FALSE;FALSE;;;
Semi-automated construction of a knowledge graph with template;2020;T Wei;;iopscience.iop.org;https://iopscience.iop.org/article/10.1088/1757-899X/782/3/032054/meta;TRUE;FALSE;;;
KG2Rec: LSH-CF recommendation method based on knowledge graph for cloud services;2020;W Huang;;Springer;https://link.springer.com/content/pdf/10.1007/s11276-020-02387-z.pdf;FALSE;FALSE;;;
KGDAL: knowledge graph guided double attention LSTM for rolling mortality prediction for AKI-D patients;12;LJ Liu;;dl.acm.org;https://dl.acm.org/doi/abs/10.1145/3459930.3469513;FALSE;FALSE;;;
Exploring and Distilling Posterior and Prior Knowledge for Radiology Report Generation;2021;F Liu;;openaccess.thecvf.com;https://openaccess.thecvf.com/content/CVPR2021/html/Liu_Exploring_and_Distilling_Posterior_and_Prior_Knowledge_for_Radiology_Report_CVPR_2021_paper.html;FALSE;FALSE;;;
Intelligent healthcare knowledge resources in Chinese: a survey;2018;M Gao;;ieeexplore.ieee.org;https://ieeexplore.ieee.org/abstract/document/8636324/;FALSE;FALSE;;;
CODER: Knowledge infused cross-lingual medical term embedding for term normalization;2011;Z Yuan;;arxiv.org;https://arxiv.org/abs/2011.02947;FALSE;FALSE;;;
Research on Intelligent Diagnosis Model of Electronic Medical Record Based on Graph Transformer;2021;X Liu;;ieeexplore.ieee.org;https://ieeexplore.ieee.org/abstract/document/9644214/;FALSE;FALSE;;;
Readmission Prediction with Knowledge Graph Attention and RNN-Based Ordinary Differential Equations;2021;S Pei;;Springer;https://link.springer.com/chapter/10.1007/978-3-030-82153-1_46;FALSE;FALSE;;;
[HTML][HTML] The construction of environmental-policy-enterprise knowledge graph based on PTA model and PSA model;2021;X Wang;;Elsevier;https://www.sciencedirect.com/science/article/pii/S2667378921000079;TRUE;FALSE;;;
Big mechanisms for processing big data in medical informatics;2015;S Harabagiu;;ieeexplore.ieee.org;https://ieeexplore.ieee.org/abstract/document/7405440/;FALSE;FALSE;;;
Research on the Construction of a Knowledge Graph and Knowledge Reasoning Model in the Field of Urban Traffic;2021;J Tan;;mdpi.com;https://www.mdpi.com/1033918;FALSE;FALSE;;;
Using Knowledge Graph to Handle Label Imperfection;2014;Y Liu;;Springer;https://link.springer.com/chapter/10.1007/978-3-319-13186-3_32;FALSE;FALSE;;;
[CITATION][C] Construction of Chinese medical knowledge graph based on multi-source texts;2020;H Zan;;2020;xx;TRUE;FALSE;;;
Knowledge graphs In medical domain;2020;G Anand;;repository.iiitd.edu.in;https://repository.iiitd.edu.in/jspui/handle/123456789/899;TRUE;FALSE;;;
A Review of Knowledge Graph-based Question and Answer System Research and Its Application in Chronic Disease Diagnosis;2021;Z Cao;;francis-press.com;https://francis-press.com/index.php/papers/4334;FALSE;FALSE;;;
Heterogeneous graph reasoning for knowledge-grounded medical dialogue system;2021;W Liu;;Elsevier;https://www.sciencedirect.com/science/article/pii/S0925231221002678;FALSE;FALSE;;;
[CITATION][C] Construction method of medical knowledge graph database based on disease diagnosis related grouping;2020;LP YANG;;2020;xx;TRUE;FALSE;;;
The COVID-19 Question Answering System Based on Knowledge Graph;2021;Y Sun;;ieeexplore.ieee.org;https://ieeexplore.ieee.org/abstract/document/9627485/;FALSE;FALSE;;;
Knowledge Graph and Semantic Computing;2017;B Qin;;Springer;https://link.springer.com/content/pdf/10.1007/978-981-16-6471-7.pdf;FALSE;FALSE;;;
[CITATION][C] Construction technology and research progress of medical knowledge graph;2018;Y Kaiqi;;2018;xx;TRUE;FALSE;;;
[CITATION][C] A survey of medical knowledge graph based on EHR;2018;HE Ting;;2018;xx;FALSE;FALSE;;;
[CITATION][C] Research on the Construction of Medical Knowledge Graph Framework Based on Multi-data Source Fusion;2019;P Han;;2019;xx;FALSE;FALSE;;;
Dynamic Health Assessment of Shield Tunnel Structures Based on Knowledge Graph;2021;HF Zhang;;iopscience.iop.org;https://iopscience.iop.org/article/10.1088/1755-1315/861/5/052098/meta;FALSE;FALSE;;;
[CITATION][C] Public Safety Knowledge Graph using Bilstm-Attention-CRF and Multi-Source Data;2020;X Sun;;2020;xx;TRUE;FALSE;;;
Hospitalization Cost Prediction for Cardiovascular Disease by Effective Feature Selection;2020;W Dai;;Springer;https://link.springer.com/chapter/10.1007/978-3-030-60029-7_29;FALSE;FALSE;;;
[PDF][PDF] Organizing data; information; and knowledge in big data environments;18;J Chen;;39.103.203.133;http://39.103.203.133/pubs/2021/03/10/78cc5074-73e0-4369-b24a-77f1f2c2af3a.pdf;FALSE;FALSE;
[HTML][HTML] Embedding open-domain common-sense knowledge from text;2016;T Goodwin;;ncbi.nlm.nih.gov;https://www.ncbi.nlm.nih.gov/pmc/articles/pmc5480211/;FALSE;FALSE;;;
Multi-view Neural Network Integrating Knowledge for Patient Self-diagnosis;3;F Zhao;;dl.acm.org;https://dl.acm.org/doi/abs/10.1145/3310986.3311016;FALSE;FALSE;;;
Semi-automatic Construction of Financial Knowledge Graph Based on Web;2021;Y Luo;;ieeexplore.ieee.org;https://ieeexplore.ieee.org/abstract/document/9477534/;TRUE;FALSE;;;
Obstetric Diagnosis Assistant via Knowledge Powered Attention and Information-Enhanced Strategy;2020;K Zhang;;Springer;https://link.springer.com/chapter/10.1007/978-981-16-1964-9_22;FALSE;FALSE;;;
Research on the Construction of a Knowledge Graph and Knowledge Reasoning Model in the Field of Urban Traffic. Sustainability 2021;13;3191;2021;J Tan;;search.proquest.com;https://search.proquest.com/openview/9d60266a7dc0c01040ffe0be8adb4b7e/1?pq-origsite=gscholar&cbl=2032327;FALSE;FALSE;
[HTML][HTML] Mining disease-symptom relation from massive biomedical literature and its application in severe disease diagnosis;2018;E Xia;;ncbi.nlm.nih.gov;https://www.ncbi.nlm.nih.gov/pmc/articles/pmc6371303/;FALSE;FALSE;;;
[PDF][PDF] Enriching Medical Natural Language Processing via Large-scale Concept Graph from Electronic Medical Records;2021;X Jiao;;asea2021.github.io;https://asea2021.github.io/ijcai-asea2021/assets/pdfs/ASEA_2021_paper_2.pdf;FALSE;FALSE;;;
Research Hotspots and Trends of Knowledge Graph Question Answering System----Visual analysis based on CiteSpace;2021;Y Xu;;forestchemicalsreview.com;http://forestchemicalsreview.com/index.php/JFCR/article/view/412;FALSE;FALSE;;;
Hospitalization Cost Prediction for Cardiovascular Disease by Effective Feature Selection;17;M Sheng;;books.google.com;https://books.google.com/books?hl=en&lr=&id=enD-DwAAQBAJ&oi=fnd&pg=PA314&dq=%22Medical+knowledge+graph%22+&ots=tmNh4YofNs&sig=qijOOceRFH4BgJr9zuGf_5GhKlY;FALSE;FALSE;;;
Named Entity Extraction for Chinese Electronic Medical Records;2019;H Fan;;dl.acm.org;https://dl.acm.org/doi/abs/10.1145/3374587.3374612;FALSE;FALSE;;;
[HTML][HTML] Generating Accurate Electronic Health Assessment from Medical Graph;2020;Z Yang;;ncbi.nlm.nih.gov;https://www.ncbi.nlm.nih.gov/pmc/articles/PMC7821471/;FALSE;FALSE;;;
[CITATION][C] A cross-lingual medical knowledge graph entity alignment algorithm based on neural tensor network;2021;J Liu;;USA;xx;FALSE;FALSE;;;
IMAS++ An Intelligent Medical Analysis System Enhanced with Deep Graph Neural Networks;30;F Luo;;dl.acm.org;https://dl.acm.org/doi/abs/10.1145/3459637.3481966;FALSE;FALSE;;;
Medical question answering for clinical decision support;25;TR Goodwin;;dl.acm.org;https://dl.acm.org/doi/abs/10.1145/2983323.2983819;FALSE;FALSE;;;
A System for Recognizing Entities and Extracting Relations from Electronic Medical Records;2017;C Chen;;ieeexplore.ieee.org;https://ieeexplore.ieee.org/abstract/document/8332596/;FALSE;FALSE;;;
Design of Offsite Diagnosis and Treatment Platform in the Yangtze River Delta based on Information Sharing;2019;Y Ji-hong;;dl.acm.org;https://dl.acm.org/doi/abs/10.1145/3341069.3342973;FALSE;FALSE;;;
Construction of Chinese Medicine Knowledge Base;2020;K Zhang;;Springer;https://link.springer.com/chapter/10.1007/978-3-030-81197-6_56;TRUE;FALSE;;;
Question Answering System over Knowledge Graph of Weapon Field;2020;P Gao;;ieeexplore.ieee.org;https://ieeexplore.ieee.org/abstract/document/9253485/;FALSE;FALSE;;;
Knowledge Grounded Conversational Symptom Detection with Graph Memory Networks;2101;H Luo;;arxiv.org;https://arxiv.org/abs/2101.09773;FALSE;FALSE;;;
[HTML][HTML] A Suicide Monitoring and Crisis Intervention Strategy Based on Knowledge Graph Technology for �Tree Hole� Microblog Users in China;2021;BX Yang;;frontiersin.org;https://www.frontiersin.org/articles/10.3389/fpsyg.2021.674481/full;FALSE;FALSE;;;
A Joint Model for Chinese Medical Entity and Relation Extraction based on Graph Convolutional Networks;2021;Y Pang;;ieeexplore.ieee.org;https://ieeexplore.ieee.org/abstract/document/9537885/;FALSE;FALSE;;;
[CITATION][C] Automatic Detecting Inconsistency between Diagnosis and Chief Complaint in Electronic Medical Records;2020;L Huang;;Springer;https://link.springer.com/article/10.1007/s42354-019-0231-6;FALSE;FALSE;;;
Path-based reasoning with constrained type attention for knowledge graph completion.;2020;K Lei;;search.ebscohost.com;http://search.ebscohost.com/login.aspx?direct=true&profile=ehost&scope=site&authtype=crawler&jrnl=09410643&AN=143492328&h=JgZZsCt0I45lPtuzuuAgQ6vi%2BopwecQ11y9LZGge%2F%2FgSC574mSe%2B1N%2FOMmZVK%2F8Wv3tiqVn5oSvnjgwo9cdI1g%3D%3D&crl=c;FALSE;FALSE;;;
Medicine Recommendation System For Diabetes Using Prior Medical Knowledge;2020;MA Wedagu;;dl.acm.org;https://dl.acm.org/doi/abs/10.1145/3448823.3448872;FALSE;FALSE;;;
[PDF][PDF] Link Prediction for a COVID-19-related Knowledge Graph;2021;M Vazaios;;aueb.gr;http://www2.aueb.gr/users/ion/docs/m_vazaios_bsc_thesis.pdf;FALSE;FALSE;;;
Relational learning analysis of social politics using knowledge graph embedding;2021;B Abu-Salih;;Springer;https://link.springer.com/article/10.1007/s10618-021-00760-w;FALSE;FALSE;;;
[PDF][PDF] Clinical relation extraction with deep learning;2016;X Lv;;researchgate.net;https://www.researchgate.net/profile/Yi-Guan-5/publication/306019738_Clinical_Relation_Extraction_with_Deep_Learning/links/57e8c20608ae9227da9f0f58/Clinical-Relation-Extraction-with-Deep-Learning.pdf;FALSE;FALSE;;;
[CITATION][C] Exploring and Distilling Posterior and Prior Knowledge for Medical Report Generation;xx;F Liu;;Zou;xx;FALSE;FALSE;;;
Kame: Knowledge-based attention model for diagnosis prediction in healthcare;27;F Ma;;dl.acm.org;https://dl.acm.org/doi/abs/10.1145/3269206.3271701;FALSE;FALSE;;;
Semantic Query Expansion based on Entity Association in Medical Question Answering;2020;X Cui;;iopscience.iop.org;https://iopscience.iop.org/article/10.1088/1742-6596/1642/1/012022/meta;FALSE;FALSE;;;
A Temporal Semantic Search System for Traditional Chinese Medicine Based on Temporal Knowledge Graphs;9;G Qi;;books.google.com;https://books.google.com/books?hl=en&lr=&id=eHfRDwAAQBAJ&oi=fnd&pg=PA13&dq=%22Medical+knowledge+graph%22+&ots=w2xMxKXxaL&sig=PZnAr6kpoJgmaUGMjTtSgHsWFyg;FALSE;FALSE;;;
Mimo: Mutual integration of patient journey and medical ontology for healthcare representation learning;2021;X Peng;;arxiv.org;https://arxiv.org/abs/2107.09288;FALSE;FALSE;;;
A knowledge based approach for tackling mislabeled multi-class big social data;2014;M Guo;;Springer;https://link.springer.com/chapter/10.1007/978-3-319-07443-6_24;FALSE;FALSE;;;
Fine-Grained Evaluation of Knowledge Graph Embedding Models in Downstream Tasks;2020;Y Zhang;;Springer;https://link.springer.com/chapter/10.1007/978-3-030-60259-8_19;FALSE;FALSE;;;
Modeling relation paths for knowledge graph completion;2020;Y Shen;;ieeexplore.ieee.org;https://ieeexplore.ieee.org/abstract/document/8974254/;FALSE;FALSE;;;
A Literature Review of Recent Graph Embedding Techniques for Biomedical Data;2020;Y Chen;;Springer;https://link.springer.com/chapter/10.1007/978-3-030-63823-8_3;FALSE;FALSE;;;
A Parallel Implementation of Liveness on Knowledge Graphs under Label Constraints;2021;Q Sha;;ieeexplore.ieee.org;https://ieeexplore.ieee.org/abstract/document/9546824/;FALSE;FALSE;;;
Quro: facilitating user symptom check using a personalised chatbot-oriented dialogue system;2018;S Ghosh;;books.google.com;https://books.google.com/books?hl=en&lr=&id=ao1xDwAAQBAJ&oi=fnd&pg=PA51&dq=%22Medical+knowledge+graph%22+&ots=Rp9Bq0abhr&sig=zwRrAbaUGs9euHrRPofIEQhZiu4;FALSE;FALSE;;;
Constructing a knowledge-based heterogeneous information graph for medical health status classification;2020;T Pham;;Springer;https://link.springer.com/article/10.1007/s13755-020-0100-6;FALSE;FALSE;;;
Fine-Grained Evaluation of Knowledge Graph Embedding Model in Knowledge Enhancement Downstream Tasks;2021;Y Zhang;;Elsevier;https://www.sciencedirect.com/science/article/pii/S2214579621000356;FALSE;FALSE;;;
Organizing Big Data; Information; and Knowledge;2020;OL Zavalina;;dl.acm.org;https://dl.acm.org/doi/abs/10.1145/3383583.3398507;FALSE;FALSE;
Accelerating the exploitation of (bio) medical knowledge using linked data;2016;M Shafahi;;Springer;https://link.springer.com/chapter/10.1007/978-3-319-54717-6_8;FALSE;FALSE;;;
A Platform and Algorithms for Interoperability Between Clinical Coding Systems;2021;D Juric;;Elsevier;https://www.sciencedirect.com/science/article/pii/S1877050921015453;FALSE;FALSE;;;
A visualization algorithm for medical big data based on deep learning;2021;Y Qiu;;Elsevier;https://www.sciencedirect.com/science/article/pii/S0263224121007594;FALSE;FALSE;;;
BiLSTM-LAN based Medical Named Entity Recognition;2020;C Chen;;ieeexplore.ieee.org;https://ieeexplore.ieee.org/abstract/document/9258301/;FALSE;FALSE;;;
Artificial intelligence meets Chinese medicine;2019;Y Guo;;Springer;https://link.springer.com/article/10.1007/s11655-019-3169-5;FALSE;FALSE;;;
Multi-Modal Knowledge-Aware Attention Network for Question Answering;2020;Z Yingying;;crad.ict.ac.cn;https://crad.ict.ac.cn/EN/10.7544/issn1000-1239.2020.20190474;FALSE;FALSE;;;
[HTML][HTML] Knowledge Graphs of Kawasaki Disease;2021;Z Huang;;Springer;https://link.springer.com/article/10.1007/s13755-020-00130-8;TRUE;FALSE;;;
COMETA: A corpus for medical entity linking in the social media;2020;M Basaldella;;arxiv.org;https://arxiv.org/abs/2010.03295;FALSE;FALSE;;;
[HTML][HTML] QAnalysis: a question-answer driven analytic tool on knowledge graphs for leveraging electronic medical records for clinical research;2019;T Ruan;;�;https://bmcmedinformdecismak.biomedcentral.com/articles/10.1186/s12911-019-0798-8;FALSE;FALSE;;;
Simultaneous learning algorithm for multiple sets of synonyms with different semantics;2020;Y Wei;;dl.acm.org;https://dl.acm.org/doi/abs/10.1145/3444370.3444561;FALSE;FALSE;;;
A Novel Algorithm of Expansion Term Selection and Weight Assignment for Query Expansion of Chinese EMR Retrieval;2020;S Yang;;ieeexplore.ieee.org;https://ieeexplore.ieee.org/abstract/document/9313210/;FALSE;FALSE;;;
Automatic diagnosis with efficient medical case searching based on evolving graphs;2018;X Wang;;ieeexplore.ieee.org;https://ieeexplore.ieee.org/abstract/document/8470072/;FALSE;FALSE;;;
Intelligent Question Answering System Based on Knowledge Graph of Beijing Opera;2021;W Hou;;ieeexplore.ieee.org;https://ieeexplore.ieee.org/abstract/document/9537849/;FALSE;FALSE;;;
FakeSens: A Social Sensing Approach to COVID-19 Misinformation Detection on Social Media;2021;Z Kou;;ieeexplore.ieee.org;https://ieeexplore.ieee.org/abstract/document/9600021/;FALSE;FALSE;;;
Safe medicine recommendation via star interactive enhanced-based transformer model;2021;N Wang;;Elsevier;https://www.sciencedirect.com/science/article/pii/S0010482521009537;FALSE;FALSE;;;
A Semi-automated entity relation extraction mechanism with weakly supervised learning for Chinese medical webpages;2016;Z Liu;;Springer;https://link.springer.com/chapter/10.1007/978-3-319-59858-1_5;FALSE;FALSE;;;
Knowledge graph embedding based on multi-view clustering framework;2019;H Xiao;;ieeexplore.ieee.org;https://ieeexplore.ieee.org/abstract/document/8778709/;FALSE;FALSE;;;
The Dr-KGQA System for Automatically Answering Medication Related Questions in Chinese;2019;W Zhu;;ieeexplore.ieee.org;https://ieeexplore.ieee.org/abstract/document/8904496/;FALSE;FALSE;;;
[HTML][HTML] Deep learning meets biomedical ontologies: knowledge embeddings for epilepsy;2017;R Maldonado;;ncbi.nlm.nih.gov;https://www.ncbi.nlm.nih.gov/pmc/articles/pmc5977726/;FALSE;FALSE;;;
Chinese Medical Entity Annotation Based on Autonomous Learning;2019;H Fan;;dl.acm.org;https://dl.acm.org/doi/abs/10.1145/3374587.3374613;FALSE;FALSE;;;
Medical Entity Relation Verification with Large-scale Machine Reading Comprehension;27;Y Xia;;dl.acm.org;https://dl.acm.org/doi/abs/10.1145/3447548.3467144;FALSE;FALSE;;;
Cybersecurity Threat Intelligence Augmentation and Embedding Improvement-A Healthcare Usecase;2020;M Sills;;ieeexplore.ieee.org;https://ieeexplore.ieee.org/abstract/document/9280482/;FALSE;FALSE;;;
Knowledge representations and inference techniques for medical question answering;2017;TR Goodwin;;dl.acm.org;https://dl.acm.org/doi/abs/10.1145/3106745;FALSE;FALSE;;;
[PDF][PDF] Discovering Medical Entity Relations from Texts using Dependency Information;xx;Y Shen;;cobweb.cs.uga.edu;http://cobweb.cs.uga.edu/~shengli/Docs/Tusion19/1_Discovering_Medical_Entity_Relations_from_Texts_using_Dependency_Information.pdf;FALSE;FALSE;;;
Predicting missing and noisy links via neighbourhood preserving graph embeddings in a clinical knowlegebase;2020;B Saha;;ieeexplore.ieee.org;https://ieeexplore.ieee.org/abstract/document/9356223/;FALSE;FALSE;;;
MDPeQA: A Pediatric Question Answering System Based on Multiple Data Sources;2020;J Li;;Springer;https://link.springer.com/chapter/10.1007/978-3-030-81197-6_57;FALSE;FALSE;;;
CLEP: A Hybrid Data-and Knowledge-Driven Framework for Generating Patient Representations;2021;V Srinivas;;academic.oup.com;https://academic.oup.com/bioinformatics/advance-article-abstract/doi/10.1093/bioinformatics/btab340/6272574;FALSE;FALSE;;;
AI Assisted Clinical Diagnosis & Treatment; and Development Strategy;2018;M Kong;;journal.hep.com.cn;https://journal.hep.com.cn/sscae/EN/10.15302/J-SSCAE-2018.02.013;FALSE;FALSE;;
SMedBERT: A knowledge-enhanced pre-trained language model with structured semantics for medical text mining;2021;T Zhang;;arxiv.org;https://arxiv.org/abs/2108.08983;FALSE;FALSE;;;
Context-compatible information fusion for scientific knowledge graphs;2020;H Kroll;;Springer;https://link.springer.com/chapter/10.1007/978-3-030-54956-5_3;FALSE;FALSE;;;
Overview of CCKS 2020 Task 3: Named Entity Recognition and Event Extraction in Chinese Electronic Medical Records;2021;X Li;;direct.mit.edu;https://direct.mit.edu/dint/article-abstract/3/3/376/98586;FALSE;FALSE;;;
[HTML][HTML] Health Natural Language Processing: Methodology Development and Applications;2021;T Hao;;medinform.jmir.org;https://medinform.jmir.org/2021/10/e23898/;FALSE;FALSE;;;
CLEP: A Hybrid Data-and Knowledge-Driven Framework for Generating Patient Representations.;2021;M Ali;;europepmc.org;https://europepmc.org/article/pmc/pmc8504642;FALSE;FALSE;;;
Embedding Signals on Knowledge Graphs with Unbalanced Diffusion Earth Mover's Distance;2021;A Tong;;arxiv.org;https://arxiv.org/abs/2107.12334;FALSE;FALSE;;;
Design and Implementation of Medical Process Visualization CDSS Oriented to NCCN Guidelines;2020;MX Liu;;dl.acm.org;https://dl.acm.org/doi/abs/10.1145/3424311.3424322;FALSE;FALSE;;;
A Group Discovery Method Based on Collaborative Filtering and Knowledge Graph for IoT Scenarios;2021;K Yao;;ieeexplore.ieee.org;https://ieeexplore.ieee.org/abstract/document/9332252/;FALSE;FALSE;;;
Semi-automatic Causal Graph Construction System;2020;K Cheng;;dl.acm.org;https://dl.acm.org/doi/abs/10.1145/3403746.3403901;FALSE;FALSE;;;
Text Mining to Identify and Extract Novel Disease Treatments From Unstructured Datasets;2020;R Yedida;;arxiv.org;https://arxiv.org/abs/2011.07959;FALSE;FALSE;;;
A co-training based entity recognition approach for cross-disease clinical documents;2019;D Chen;;Library;https://onlinelibrary.wiley.com/doi/abs/10.1002/cpe.4505;FALSE;FALSE;;;
[HTML][HTML] Named entity recognition in Chinese medical literature using pretraining models;2020;Y Wang;;hindawi.com;https://www.hindawi.com/journals/sp/2020/8812754/;FALSE;FALSE;;;
[PDF][PDF] The Study of Artificial Intelligence-Assisted Diagnosis of Low Back Pain;2018;MD Longtao;;mail.easychair.org;https://mail.easychair.org/publications/download/JMb3;FALSE;FALSE;;;
CLEP: a hybrid data-and knowledge-driven framework for generating patient representations;2021;VS Bharadhwaj;;academic.oup.com;https://academic.oup.com/bioinformatics/article-abstract/37/19/3311/6272574;FALSE;FALSE;;;
[HTML][HTML] Artificial intelligence in COVID-19 drug repurposing;2020;Y Zhou;;Elsevier;https://www.sciencedirect.com/science/article/pii/S2589750020301928;FALSE;FALSE;;;
A new method for complex triplet extraction of biomedical texts;2019;X Wang;;Springer;https://link.springer.com/chapter/10.1007/978-3-030-29563-9_15;FALSE;FALSE;;;
KSR: A semantic representation of knowledge graph within a novel unsupervised paradigm;1608;H Xiao;;arxiv.org;https://arxiv.org/abs/1608.07685;FALSE;FALSE;;;
[HTML][HTML] Accelerating Epidemiological Investigation Analysis by Using NLP and Knowledge Reasoning: A Case Study on COVID-19;2020;J Wang;;ncbi.nlm.nih.gov;https://www.ncbi.nlm.nih.gov/pmc/articles/pmc8075493/;FALSE;FALSE;;;
Knowledge-aware textual entailment with graph attention network;28;D Chen;;dl.acm.org;https://dl.acm.org/doi/abs/10.1145/3357384.3358071;FALSE;FALSE;;;
[PDF][PDF] Cognitive Computing-Based CDSS in Medical Practice;2021;J Chen;;downloads.spj.sciencemag.org;https://downloads.spj.sciencemag.org/hds/2021/9819851.pdf;FALSE;FALSE;;;
A Review on Named Entity Recognition in Chinese Medical Text;2021;L Zhou;;Springer;https://link.springer.com/chapter/10.1007/978-3-030-78615-1_4;FALSE;FALSE;;;
Application of artificial intelligence and machine learning for COVID-19 drug discovery and vaccine design;2021;H Lv;;academic.oup.com;https://academic.oup.com/bib/article-abstract/22/6/bbab320/6354025;FALSE;FALSE;;;
[HTML][HTML] Constructing knowledge graphs and their biomedical applications;2020;DN Nicholson;;Elsevier;https://www.sciencedirect.com/science/article/pii/S2001037020302804;FALSE;FALSE;;;
[PDF][PDF] Context-Aware End-To-End Relation Extracting from Clinical Texts with Attention-based Bi-Tree-GRU.;2018;D Chen;;ceur-ws.org;http://ceur-ws.org/Vol-2206/paper2.pdf;FALSE;FALSE;;;
Attention-based Unsupervised Keyphrase Extraction and Phrase Graph for COVID-19 Medical Literature Retrieval;2021;H Ding;;dl.acm.org;https://dl.acm.org/doi/abs/10.1145/3473939;FALSE;FALSE;;;
[PDF][PDF] MUFFIN: multi-scale feature fusion for drug�drug interaction prediction;2021;Y Chen;;researchgate.net;https://www.researchgate.net/profile/Jianmin-Wang-3/publication/350100336_MUFFIN_Multi-Scale_Feature_Fusion_for_Drug-Drug_Interaction_Prediction/links/6063bb6592851cd8ce7ad5c1/MUFFIN-Multi-Scale-Feature-Fusion-for-Drug-Drug-Interaction-Prediction.pdf;FALSE;FALSE;;;
[PDF][PDF] Concept Linking for Clinical Text;224;J Fu;;cs224d.stanford.edu;https://cs224d.stanford.edu/reports/fu.pdf;FALSE;FALSE;;;
Advancing public health genomics;2016;X Li;;ieeexplore.ieee.org;https://ieeexplore.ieee.org/abstract/document/7872883/;FALSE;FALSE;;;
A multimodal framework for improving in silico drug repositioning with the prior knowledge from knowledge graphs;2021;Z Xiong;;ieeexplore.ieee.org;https://ieeexplore.ieee.org/abstract/document/9511093/;FALSE;FALSE;;;
Medical Named Entity Recognition Based on Multi Feature Fusion of BERT;2021;Z Li;;dl.acm.org;https://dl.acm.org/doi/abs/10.1145/3490322.3490336;FALSE;FALSE;;;
[HTML][HTML] Extraction of Characteristics of Time in �Tree Hole� Data;2020;X Jing;;atlantis-press.com;https://www.atlantis-press.com/journals/jaims/125948571/view;FALSE;FALSE;;;
Thoughts on Application of Artificial Intelligence in Teaching of Different Disciplines;2020;F Xu;;ieeexplore.ieee.org;https://ieeexplore.ieee.org/abstract/document/9201885/;FALSE;FALSE;;;
Process and methods of clinical big data mining based on electronic medical records;2017;R Tong;;infocomm-journal.com;http://www.infocomm-journal.com/bdr/EN/Y2017/V3/I5/2017054;FALSE;FALSE;;;
[HTML][HTML] Chinese clinical named entity recognition with radical-level feature and self-attention mechanism;2019;M Yin;;Elsevier;https://www.sciencedirect.com/science/article/pii/S1532046419302084;FALSE;FALSE;;;
[PDF][PDF] Pre-trained Text Representations with Knowledge Bases for Mortality Prediction;xx;G Albi;;researchgate.net;https://www.researchgate.net/profile/Giuseppe-Albi/publication/353555195_Pre-trained_Text_Representations_with_Knowledge_Bases_for_Mortality_Prediction/links/6102b1c30c2bfa282a0d3bd8/Pre-trained-Text-Representations-with-Knowledge-Bases-for-Mortality-Prediction.pdf;FALSE;FALSE;;;
Retrieving Entities from Knowledge Graphs without Knowing Much: On Learning Generalizable Patterns and Indexing;2020;Y Xie;;ieeexplore.ieee.org;https://ieeexplore.ieee.org/abstract/document/9378299/;FALSE;FALSE;;;
Towards interpretable clinical diagnosis with bayesian network ensembles stacked on entity-aware cnns;58;J Chen;;aclweb.org;https://www.aclweb.org/anthology/2020.acl-main.286/;FALSE;FALSE;;;
Knowledge-aware multi-center clinical dataset adaptation: Problem; method; and application;2021;J Chu;;Elsevier;https://www.sciencedirect.com/science/article/pii/S1532046421000393;FALSE;FALSE;
Bias in Knowledge Graphs--an Empirical Study with Movie Recommendation and Different Language Editions of DBpedia;2105;MM Voit;;arxiv.org;https://arxiv.org/abs/2105.00674;FALSE;FALSE;;;
A BERT-Based Named Entity Recognition in Chinese Electronic Medical Record;2020;Q Wang;;dl.acm.org;https://dl.acm.org/doi/abs/10.1145/3436369.3436390;FALSE;FALSE;;;
[HTML][HTML] Recent advances in the study of ancient books on traditional Chinese medicine;2020;L Gao;;wjtcm.net;https://www.wjtcm.net/article.asp?issn=2311-8571;FALSE;FALSE;;;
CMeIE: Construction and Evaluation of Chinese Medical Information Extraction Dataset;2020;T Guan;;Springer;https://link.springer.com/chapter/10.1007/978-3-030-60450-9_22;FALSE;FALSE;;;
Financial news recommendation based on graph embeddings;2019;J Ren;;Elsevier;https://www.sciencedirect.com/science/article/pii/S0167923619301447;FALSE;FALSE;;;
Computational intelligence using ontology�A case study on the knowledge representation in a clinical decision support system;2020;R Lourdusamy;;Elsevier;https://www.sciencedirect.com/science/article/pii/B9780128206041000078;FALSE;FALSE;;;
Recent trends in knowledge graphs: theory and practice;2021;S Tiwari;;Springer;https://link.springer.com/article/10.1007/s00500-021-05756-8;FALSE;FALSE;;;
Deep Convolutional Neural Network Diabetic Entity Relationship Extraction Model Based on Enhanced Semantic Representation;2;T Yu;;dl.acm.org;https://dl.acm.org/doi/abs/10.1145/3500931.3501009;FALSE;FALSE;;;
[HTML][HTML] A deep learning model incorporating part of speech and self-matching attention for named entity recognition of Chinese electronic medical records;2019;X Cai;;�;https://bmcmedinformdecismak.biomedcentral.com/articles/10.1186/s12911-019-0762-7;FALSE;FALSE;;;
An attention-based BiLSTM-CRF model for Chinese clinic named entity recognition;2019;G Wu;;ieeexplore.ieee.org;https://ieeexplore.ieee.org/abstract/document/8798611/;FALSE;FALSE;;;
Heterogeneous Similarity Graph Neural Network on Electronic Health Records;2020;Z Liu;;ieeexplore.ieee.org;https://ieeexplore.ieee.org/abstract/document/9377795/;FALSE;FALSE;;;
An Initial Ingredient Analysis of Drugs Approved by China Food and Drug Administration;2016;H Li;;Springer;https://link.springer.com/content/pdf/10.1007/978-981-10-3168-7_10.pdf;FALSE;FALSE;;;
[HTML][HTML] Individual travel behavior modeling of public transport passenger based on graph construction;2018;Q Liang;;hindawi.com;https://www.hindawi.com/journals/jat/2018/3859830/;FALSE;FALSE;;;
Property-Based Semantic Similarity Criteria to Evaluate the Overlaps of Schemas;2021;L Huang;;mdpi.com;https://www.mdpi.com/1999-4893/14/8/241;FALSE;FALSE;;;
Exploiting knowledge graphs in industrial products and services: A survey of key aspects; challenges; and future perspectives;2021;X Li;;Elsevier;https://www.sciencedirect.com/science/article/pii/S0166361521000567;FALSE;FALSE;
Self-alignment pretraining for biomedical entity representations;2020;F Liu;;arxiv.org;https://arxiv.org/abs/2010.11784;FALSE;FALSE;;;
AIM in Electronic Health Records (EHRs);2020;Y Guan;;Springer;https://link.springer.com/content/pdf/10.1007/978-3-030-58080-3_47-1.pdf;FALSE;FALSE;;;
Building causal graphs from medical literature and electronic medical records;2019;G Nordon;;ojs.aaai.org;https://ojs.aaai.org/index.php/AAAI/article/view/3902;FALSE;FALSE;;;
EMBERT: A Pre-trained Language Model for Chinese Medical Text Mining;2021;Z Cai;;Springer;https://link.springer.com/chapter/10.1007/978-3-030-85896-4_20;FALSE;FALSE;;;
Medical entity recognition of Esophageal Carcinoma based on word clustering;2018;R Wang;;ieeexplore.ieee.org;https://ieeexplore.ieee.org/abstract/document/8965515/;FALSE;FALSE;;;
MedRetriever: Target-Driven Interpretable Health Risk Prediction via Retrieving Unstructured Medical Text;30;M Ye;;dl.acm.org;https://dl.acm.org/doi/abs/10.1145/3459637.3482273;FALSE;FALSE;;;
